INSERT INTO author (id, firstName, lastName) VALUES (1, 'John', 'Smith');
INSERT INTO author (id, firstName, lastName) VALUES (2, 'Jane', 'Doe');
INSERT INTO author (id, firstName, lastName) VALUES (3, 'Bob', 'Johnson');
INSERT INTO author (id, firstName, lastName) VALUES (4, 'Emily', 'Brown');
INSERT INTO author (id, firstName, lastName) VALUES (5, 'Michael', 'Johnson');
INSERT INTO author (id, firstName, lastName) VALUES (6, 'Ashley', 'Williams');
INSERT INTO author (id, firstName, lastName) VALUES (7, 'Brian', 'Jones');
INSERT INTO author (id, firstName, lastName) VALUES (8, 'Jessica', 'Miller');
INSERT INTO author (id, firstName, lastName) VALUES (9, 'Joshua', 'Moore');
INSERT INTO author (id, firstName, lastName) VALUES (10, 'Amanda', 'Taylor');

INSERT INTO publisher (id, name) VALUES (1, 'Publisher A');
INSERT INTO publisher (id, name) VALUES (2, 'Publisher B');
INSERT INTO publisher (id, name) VALUES (3, 'Publisher C');
INSERT INTO publisher (id, name) VALUES (4, 'Publisher D');
INSERT INTO publisher (id, name) VALUES (5, 'Publisher E');
INSERT INTO publisher (id, name) VALUES (6, 'Publisher F');
INSERT INTO publisher (id, name) VALUES (7, 'Publisher G');
INSERT INTO publisher (id, name) VALUES (8, 'Publisher H');
INSERT INTO publisher (id, name) VALUES (9, 'Publisher I');
INSERT INTO publisher (id, name) VALUES (10, 'Publisher J');

INSERT INTO genre (id, name) VALUES (1, 'Fiction');
INSERT INTO genre (id, name) VALUES (2, 'Non-Fiction');
INSERT INTO genre (id, name) VALUES (3, 'Mystery');
INSERT INTO genre (id, name) VALUES (4, 'Science Fiction');
INSERT INTO genre (id, name) VALUES (5, 'Romance');
INSERT INTO genre (id, name) VALUES (6, 'Horror');
INSERT INTO genre (id, name) VALUES (7, 'Thriller');
INSERT INTO genre (id, name) VALUES (8, 'Adventure');
INSERT INTO genre (id, name) VALUES (9, 'Comedy');
INSERT INTO genre (id, name) VALUES (10, 'Drama');

INSERT INTO book (id, title, authorId, publisherId, genreId) VALUES (1, 'Book 1', 1, 1, 1);
INSERT INTO book (id, title, authorId, publisherId, genreId) VALUES (2, 'Book 2', 2, 2, 2);
INSERT INTO book (id, title, authorId, publisherId, genreId) VALUES (3, 'Book 3', 3, 3, 3);
INSERT INTO book (id, title, authorId, publisherId, genreId) VALUES (4, 'Book 4', 4, 4, 4);
INSERT INTO book (id, title, authorId, publisherId, genreId) VALUES (5, 'Book 5', 5, 5, 5);
INSERT INTO book (id, title, authorId, publisherId, genreId) VALUES (6, 'Book 6', 6, 6, 6);
INSERT INTO book (id, title, authorId, publisherId, genreId) VALUES (7, 'Book 7', 7, 7, 7);
INSERT INTO book (id, title, authorId, publisherId, genreId) VALUES (8, 'Book 8', 8, 8, 8);
INSERT INTO book (id, title, authorId, publisherId, genreId) VALUES (9, 'Book 9', 9, 9, 9);
INSERT INTO book (id, title, authorId, publisherId, genreId) VALUES (10, 'Book 10', 10, 10, 10);
